ano,ementa,classe,id_prop
2011,"Declara de utilidade pública a ""Sociedade Unidos da Melhor Idade de Laranjal Paulista"", naquele Município.",favorável,1006895
2011,"Apela para os Srs. Presidentes da Câmara dos Deputados e do Senado Federal, bem como para os líderes partidários, afim de que empreendam esforços para que o Projeto de Lei nº 757/2011, que institui o Cultura Viva - Programa Nacional de Cultura, Educação e Cidadania, seja apreciado e aprovado com a máxima brevidade possível.",favorável,1040463
2011,"Declara de utilidade pública a ""Organização Não Governamental Vidas Recicladas"", em Santos.",favorável,1019846
2011,"Declara de utilidade pública a ""Casa de Apoio ao Paciente Oncológico CAPO - CASA GE"", em Caçapava.",favorável,1004831
2011,"Apela para a Sra. Presidente da República para que sancione a lei decorrente da aprovação do PL 5228/09, no sentido de garantir o fim do ""sigilo eterno de documentos"" e o acesso pleno às informações pelos cidadãos.",favorável,1022949
2011,"Apela para a Sra. Presidente da República e para os Srs. Presidentes do Senado Federal e da Câmara dos Deputados a fim de que aprovem o PLC 319/2009, que regulariza o exercício da profissão dos Trabalhadores em Transportes Rodoviários do Estado de São Paulo.",favorável,1025284
2011,"Apela para a Sra. Presidenta da Republica e para os Srs. Presidentes do Senado Federal e da Câmara dos Deputados bem como para os líderes partidários, a fim de que tomem as providências administrativas e legislativas necessárias para que os estabelecimentos de saúde públicos e particulares sejam obrigados  a, imediatamente após cada nascimento ocorrido em suas dependências, comunicá-lo a um cartório de Registro Civil de Pessoas Naturais competente.(SUGESTÃO LEGISLATIVA DE MARCO AURÉLIO DA CRUZ)",favorável,1043682
2011,"Obriga os hospitais estaduais, hospitais particulares e postos de atendimento de comunicarem imediatamente a autoridade policial para  lavrar boletim de ocorrência quando do atendimento de pessoas com ferimentos provocados por projéteis de arma de fogo, arma branca ou similares.",favorável,1029140
2011,"Apela a Sra. Presidente da República a fim de que tome as providências cabíveis para que o serviço de carro-forte tão necessário ao sistema bancário esteja em consonância com os princípios da boa convivência urbana, a fim de não atrapalhar o trânsito.",favorável,1029916
2011,"Declara de utilidade pública a ""Associação Beneficente Semente do Bem"", em Mogi das Cruzes.",favorável,1043013
2011,"Apela para os Srs. Presidentes do Senado Federal e da Câmara dos Deputados, bem como para os Líderes partidários, a fim de que empreendam esforços para que a Proposta de Emenda à Constituição nº 393, de 2001, que dispõe sobre a redução de jornada de trabalho e o aumento do valor mínimo da hora extraordinária, seja apreciada e aprovada com a maior urgência.",favorável,1019544
2011,"Declara de utilidade pública a ""Associação Mauaense de Assistência e Apoio aos Deficientes Visuais - AMADEVI"", em Mauá.",favorável,1014946
2011,"Aplaude a Sociedade Bíblica do Brasil pela dedicação e trabalho de evangelização pelo mundo, por ter completado até hoje a produção de mais de 100 milhões de exemplares da Bíblia Sagrada, trazendo a todos a Palavra de Deus - viva, infalível, eterna - totalmente fidedigna, que norteia as decisões, sacia a fome do coração e preenche as lacunas da alma.",favorável,1018075
2011,"Declara de utilidade pública a ""Associação Cultural Comunitária Pró-Morato"", em Francisco Morato.",favorável,1061311
2011,"Apela para o Sr. Presidente da Câmara dos Deputados e para os Srs. Deputados federais, bem como para os líderes partidarios, a fim de que empreendam esforços para que o Projeto de Lei nº 8046 de 2010, que dispõe sobre o novo Código de Processo Civil Brasileiro, seja aprovado com a máxima brevidade possível.",favorável,1006232
2011,"Declara de utilidade pública a Obra Social São Benedito, em São Bento do Sapucai.",favorável,1004880
2011,"Apela para o Sr. Presidente da Câmara dos Deputados e para os líderes partidários a fim de que empreendam os esforços necessários para aprovação do Projeto de Lei nº 4622, de 2004, que trata da fixação do conceito da modalidade operacional das cooperativas de trabalho.",favorável,1061870
2011,"Apela para o Sr. Presidente da Câmara dos Deputados e para os Senhores Deputados Federais, bem como para os Líderes Partidários, para que promovam com a urgência que a matéria requer a aprovação do Projeto de Decreto Legislativo nº 225, de 2011, que convoca um plebiscito para consulta popular sobre a continuidade ou não do uso de fontes de energia nuclear no Brasil.",favorável,1019074
2011,"Restabelece a vigência do Decreto Lei nº 248, de 1970.",favorável,999903
2011,"Declara de utilidade pública a ""Associação João de Barro"", em Itu.",favorável,1020752
2011,"Apela para os Srs. Presidentes do Senado Federal e da Câmara dos Deputados, bem como para os líderes partidários, a fim de que aprovem a Proposta de Emenda à Constituição nº 33, de 2009, que dispõe sobre a exigência de diploma de curso superior de comunicação social como habilitação para o exercício da profissão de jornalista.",favorável,1028822
2011,"Apela para os Srs. Presidentes do Senado Federal da Câmara dos Deputados, bem como para os líderes partidários, a fim de que empreendam esforços para que o Projeto de lei nº 3661, de 1997, que reduz o percentual de participação da Compensação Financeira pela Exploração de Recursos Minerais - CFEM incidente sobre os bens minerais de aplicação imediata na indústria da construção civil, não seja aprovado.",favorável,1028219
2011,"Declara de utilidade pública a ""APRISDEFI - Associação para Promoção e Inclusão Social dos Deficientes Físicos"", em Itapetininga.",favorável,1061301
2011,"Declara de utilidade pública a ""Associação de Pais e Amigos dos Excepcionais de Praia Grande - APAE/PG"", naquele Município.",favorável,1011864
2011,"Apela para os Srs. Presidentes do Senado Federal e da Câmara dos Deputados, bem como para os líderes partidários, a fim de que empreendam esforços no sentido de apoiar a revisão do FUNDEB de acordo com o IDH.",favorável,1007758
2011,"Apela para os Srs. Presidentes do Senado Federal e da Câmara dos Deputados, bem como para os líderes partidários, a fim de que empreendam esforços para que o Projeto de Lei Complementar 306/2008, que dispõe sobre a regulamentação da Emenda Constitucional 29, seja apreciado e aprovado com a máxima brevidade possível.",favorável,1019438
2011,"Declara de utilidade pública a ""Associação Beneficente Vôo Livre"", em Dois Córregos.",favorável,1041487
2011,"Declara de utilidade pública a ""Associação da Aldeia de Carapicuíba - OCA"", naquele Município.",favorável,1013854
2011,"Declara de utilidade pública a ""Associação Fraternal Pelicano"", em Botucatu.",favorável,1057245
2011,"Declara de utilidade pública a ""Associação Lar Santo Antônio de Serrana"", naquele Município.",favorável,1001354
2011,"Altera a redação dos §§ 2º a 5º do artigo 140, que trata da Polícia Civil.",favorável,1057715
2011,"Declara de utilidade pública o ""Instituto Futuro de Desenvolvimento Social, Educacional, Cultural e Ambiental"", na Capital.",favorável,1029575
2011,"Declara de utilidade pública a ""Associação Poiesis"", em Santos.",favorável,1000441
2011,Apela para a Sra. Presidente da República para que determine ao Sr. Ministro da Saúde maior empenho na retomada da promoção de campanhas de esclarecimento sobre a prevenção e combate da AIDS no país.,favorável,1058859
2011,"Apela para o Sr. Presidente da Câmara dos Deputados e aos Líderes partidários para engendrarem esforços no sentido de ser aprovado, com a máxima brevidade possível, o Projeto de Lei do Senado (PLS) nº 270, de 2007, que torna obrigatório o fornecimento gratuito, por motéis, de preservativos e de folhetos educativos sobre doenças sexualmente transmissíveis.",favorável,1006169
2011,Apela para a Sra. Presidente da República a fim de que empreenda esforços no sentido de determinar medidas visando a concessão anual de reajuste total aos valores de procedimentos ambulatoriais e hospitalares das tabelas de referência nacional do Sistema Único de Saúde - SUS.,favorável,1032701
2011,Obriga os estabelecimentos industriais e condomínios residenciais que possuírem caixa d'água para armazenamento de água potável com capacidade acima de 50.000 (cinquenta mil) litros a manterem um químico responsável pela manutenção da qualidade da água.,favorável,1003768
2011,"Declara de utilidade pública a ""Associação Cultural e Educacional Futuro Melhor"", em Barueri.",favorável,1061796
2011,"Apela para os Srs. Presidentes do Senado Federal e da Câmara dos Deputados, bem como para os líderes partidários, a fim de que empreendam esforços para que o Projeto de Lei nº 3640/2004, que dispõe sobre o ""Estatuto das Metrópoles"", seja aprovado.",favorável,1015307
2011,"Declara de utilidade pública a ""Associação de Deficientes de Maracaí - ADEM, naquele Município.",favorável,1038412
2011,"Considera regulares e aprova as contas anuais apresentadas pelo Tribunal de Contas do Estado relativas ao exercício financeiro de 2009, ressalvados os atos pendentes de julgamento.",favorável,1046114
2011,"Declara de utilidade pública a ""Agência de Desenvolvimento Econômico de Bebedouro e Região - ADEBE"", naquele Município.",favorável,1019218
2011,Apela para a Sra. Presidente da República e para os Srs. Presidentes do Senado Federal e da Camara dos Deputados para que empreendam os esforços necessários para a criação de um mecanismo legal capaz de garantir o repasse do Fundo de Participação dos Municípios - FPM sem oscilações para menos.,favorável,1038632
2011,"Dá nova redação ao artigo 230, objetivando garantir constitucionalmente o direito dos dependentes químicos à internação.",favorável,1010592
2003,"Dá a denominação de ""Ivan Costa Mercuri"" à ponte localizada no km 5,050 da Rodovia ""Dr. Cassio de Freitas Levy""- SPV 17, na divisa limítrofe dos municípios de Cordeirópolis e Limeira.",favorável,178085
2003,"Apela para o Sr. Presidente da República a fim de garantir a continuidade e expansão da exportação de veículos através do Porto de Santos, visando à otimização de custos, e conseqüente aumento das exportações nacionais.",favorável,181164
2003,"Apela para o Sr. Presidente da República a fim de apresentar ao Congresso Nacional emendas à Proposta de emenda à Constituição -  Reforma da Previdência, quanto ao direito de aposentadoria por tempo de contribuição dos professores ""ACT - Admitidos em Caráter Temporário"" da rede estadual de ensino do Estado de São Paulo.",favorável,198394
2003,"Apela para o Sr. Presidente da República a fim de criar a Polícia do Mercosul -  MERCOPOL, com o objetivo de se  propiciar  o intercâmbio de informações policiais, criminais e judiciais no âmbito internacional, para se combater os chamados crimes transnacionais.",favorável,213459
2003,"Apela para o Sr. Presidente da República a fim de garantir a continuidade do escritório da Petrobras, no Município de Santos, visando sua otimização operacional e a dinamização da economia regional.",favorável,185524
2003,Apela para o Sr. Presidente da República a fim de proibir as empresas de telefonia móvel celular de disponibilizarem aos consumidores e usuários telefones para contatos com as centrais de atendimento - SAC - com tarifação pagas pelos clientes.,favorável,197184
2003,"Acrescenta dispositivo ao artigo 115 a fim de obrigar a participação de conselhos regionais de profissões regulamentadas em todas as fases dos processos de concurso público de provas ou de provas e títulos, desde a elaboração dos editais até a homologação e publicação dos resultados.",favorável,186696
2003,"Declara de utilidade pública o ""Centro de Recuperação do Alcoólatra de Aramina - CEREA"", naquele Município.",favorável,213437
2003,"Mensagem nº 3/03. Altera dispositivos da Lei Complementar nº 853, de 1998, que dispõe sobre a criação da Agência Metropolitana da Baixada Santista - AGEM.",favorável,174637
2003,"Declara de utilidade pública a ""Associação Ecumênica de Portadores de HIV de Americana - AEPHIVA"", naquele Município.",favorável,179226
2003,"Apela para os Srs. Presidentes da República, do Senado e da Câmara dos Deputados e para os líderes partidários a fim de obrigarem a realização do exame de emissões otoacústicas - ""teste da orelhinha"" para diagnosticar a capacidade auditiva dos bebês, imediatamente após o nascimento, nas maternidades e hospitais, pertencentes ao Sistema Único de Saúde - SUS.",favorável,205734
2003,Apela para o Sr. Presidente da República a fim de elaborar norma específica para a fabricação de cintos de segurança para crianças.,favorável,194877
2003,"Apela para os Srs. Presidentes do Senado Federal e da Câmara dos Deputados a fim de alterarem a legislação trabalhista, visando a tornar obrigatória a realização de exame de saúde bucal para a admissão em emprego.",favorável,184008
2003,"Apela para o Sr. Presidente da República a fim de revogar, no menor prazo possível,  o Decreto 4593/03, em nome de um Brasil sustentável sobre a perspectiva  sócio- ambiental  e não exclusivamente econômico.",favorável,178087
2003,"Inclui no calendário turístico do Estado a festa dos ""Gideões Missionários da Última Hora"", em Guaratinguetá.",favorável,194790
2003,"Obriga as indústrias farmacêuticas, que tenham seus produtos comercializados no Estado de São Paulo, a manterem Serviço de Atendimento ao Consumidor durante as vinte e quatro horas do dia.",favorável,187806
2003,"Altera a redação do artigo 245 que dispõe sobre o estímulo à prática de esportes individuais e coletivos, como complemento à formação integral do indivíduo, nos três níveis de ensino.",favorável,191085
2003,"Apela para o Sr. Presidente da República a fim de promover, através do Ministério das Relações Exteriores e do Itamaraty, iniciativas nos organismos internacionais com vistas à condenação dos Estados Unidos da América e seus eventuais aliados em razão da invasão do Iraque e dos delitos internacionais decorrentes desse ato.",favorável,184009
2003,"Obriga o registro, junto ao Conselho Federal dos Detetives Profissionais - CFDP, das pessoas físicas e jurídicas que prestam serviços de investigação particular e ministram cursos de treinamento, formação e habilitação de detetives particulares.",favorável,216245
2003,"Apela para o Sr. Presidente do Congresso Nacional a fim de atualizar os valores do SIMPLES, constantes do artigo 2º da Lei 9.317, de 1996, alterado pela Lei 9.732, de 1998.",favorável,194353
2003,"Apela para os Srs. Presidentes da República, do Senado Federal e da Câmara dos Deputados e para os líderes partidários das Casas do Congresso Nacional a fim de aprovarem o Projeto de Lei do Senado nº 66, de 2003, acrescido de emenda, que inclua, dentre as agravantes do homicídio, o fato deste delito ser praticado contra advogados criminalistas e membros do Poder Legislativo, que atuem em Comissões Parlamentares de Inquérito - CPIs.",favorável,181674
2003,"Apela para os Srs. Presidentes da República, do Senado Federal e da Câmara dos Deputados a fim de disciplinarem a produção, a comercialização, a importação e a disposição final das lâmpadas fluorescentes.",favorável,181672
2003,"Apela para os Srs. Presidentes da República, do Senado Federal e da Câmara dos Deputados a fim de editarem legislação regulamentar do adicional de remuneração para as atividades penosas, previsto no artigo 7º, inciso XXIII, da Constituição Federal.",favorável,180692
2003,"Apela para o Sr. Governador do Estado de São Paulo a fim de exonerar o Sr. Aparecido Laertes Calandra do quadro de servidores do Estado, e de determinar, aos Secretários de Estado, a adoção de critérios baseados no respeito aos direitos humanos para contratação e nomeação de servidores.",favorável,181294
2003,"Apela ao Sr. Presidente da República a fim de determine as providências diplomáticas necessárias no sentido de interceder, junto ao governo dos Estados Unidos, pelo cancelamento das prisões arbitrárias de René González Sehweret, Gerardo Hernández Nordelo, Antonio Guerrero Rodríguez, Ramón Labañino Salazar e Fernando González Llort, garantindo-se desta forma o pleno restabelecimento dos diretos humanos fundamentais aos cinco cubanos.",favorável,179402
2003,"Apela para o Congresso Nacional a fim de   apresentar e aprovar as emendas, que especifica, à Proposta de Emenda à Constituição referente à reforma da previdência.",favorável,183846
2003,Obriga a divulgação dos valores arrecadados a título de multas por infração à legislação de trânsito.,favorável,198392
2003,Apela para o Srs. Presidentes da República e do Congresso Nacional a fim de manterem os atuais benefícios e incentivos fiscais ou financeiros em relação ao ICMS  das microempresas e empresas de pequeno porte.,favorável,197437
2003,Altera a redação do artigo 140 que dispõe sobre a competência da Polícia Civil.,favorável,193861
2003,Manifesta apoio à aprovação das alterações na Lei de Execuções Penais e Processo Penal e apela para os Srs. Deputados Federais a fim de aprovarem o mais célere possível  o  Projeto de Lei da Câmara nº12 de 2003.,favorável,213458
2003,"Apela para o Sr. Presidente da República a fim de promover amplo e democrático debate sobre o papel das agências reguladoras, com a participação de todos os setores envolvidos em cada um dos temas relacionados, especificamente, em relação à Agência Nacional de Águas - ANA.",favorável,189618
2003,Apela para o Sr. Presidente da República a fim de incluir a prática musical no currículo escolar da educação básica.,favorável,189311
2003,"Dá a denominação de ""José Ermírio de Moraes Filho"" ao túnel localizado entre os kms 50,938 e 53,022m  da SP - 160 Sul.",favorável,215228
2003,"Susta o processo criminal movido contra o deputado Paschoal Thomeu, nos termos dos §§ 3.º e 4.º do artigo 14 da Constituição do Estado, (Parecer nº 948/03).",favorável,193816
2003,"Apela para o Sr. Presidente da República a fim de determinar as providências cabíveis a favor da transferência da empresa Samsung, fabricante de telefones celulares, para o Município de Campinas.",favorável,217622
2003,"Apela para o Sr. Presidente da República a fim de determinar à Radiobrás a reformulação do programa A Voz do Brasil, para possibilitar à população acesso direto às informações de grande importância para a vida nacional.",favorável,190935
2003,"Apela para o Sr. Presidente da República a fim de obrigar o Conselho Nacional de Seguros Privados e a Federação Nacional das Empresas de Seguros Privados e de Capitalização, administradora do Convênio DPVAT, a divulgarem, amplamente, informações referentes às indenizações cobertas pelo seguro obrigatório e os procedimentos necessários à sua habilitação.",favorável,218628
2003,"Manifesta aplauso às iniciativas do Governo Federal em adotar medidas de vigilância epidemiológica e sanitária, definição de referência laboratorial e hospitalar em todo o território nacional e apela para o Sr. Presidente da República a fim de realizar campanha informativa à população e normas para viagens ao exterior.",favorável,179401
2003,"Altera a redação do artigo 239, que dispõe sobre o sistema Estadual de Ensino.",favorável,179156
2003,"Apela para o Sr. Presidente da República a fim de implementar ações contundentes nas áreas de planejamento familiar, reforma agrária, combate ao desemprego e redução das taxas e tarifas rodoviárias imprescindíveis para o êxito do Programa ""Fome Zero"".",favorável,177822
2003,Dispõe sobre apostilamento de Policiais Militares oriundos da Guarda Municipal de Santo André.,favorável,176359
2003,Apela para o Sr. Presidente da República a fim de revogar o Decreto nº 4592/03 que permite importação de pneus usados.,favorável,181162
2003,Apela para o Senhor Presidente da República a fim de solucionar o grave problema enfrentado pelas Unidades Básicas de Saúde do Estado de São Paulo que não estão oferecendo atendimento médico digno para a população devido à falta de recursos financeiros.,favorável,177819
2009,"Declara de utilidade pública a ""Associação Sete Montanhas de Beneficência"", em Mongaguá.",favorável,894838
2009,"Declara de utilidade pública a ""União Protetora dos Animais - UPA"", em Campinas.",favorável,900509
2009,"Declara de utilidade pública a Associação de Pais e Esportistas ""Maria Eliza Comin Diniz"" ao Ressaca Futsal, em Santa Rita do Passa Quatro.",favorável,849364
2009,"Declara de utilidade pública o ""ADOTE - Grupo de Apoio à Adoçao de Rio Claro"".",favorável,917812
2009,Autoriza o Poder Executivo a instalar Posto de Atendimento do Poupatempo em Mogi Guaçu.,favorável,894323
2009,"Declara de utilidade pública a ""Comunidade Vida Melhor"", em Leme.",favorável,885895
2009,"Declara de utilidade pública a ""Rede Promissense de Combate ao Câncer"", em Promissão.",favorável,921670
2009,Institui o Programa Ambiental de Inspeção e Manutenção de Veículos em Uso no Estado de São Paulo - IM/SP.,favorável,915689
2009,"Desconstitui a decisão do Tribunal de Contas do Estado de São Paulo, referente ao processo TC-001335/026/06, que julgou irregulares a concorrência pública e o contrato firmado entre a Companhia de Desenvolvimento Habitacional e Urbano do Estado de São Paulo - CDHU e a empresa ETEMP Engenharia, Indústria e Comércio Ltda.",favorável,920717
2009,Manifesta repúdio a decisão do Supremo Tribunal Federal de extinguir a necessidade do diploma em curso superior específico para o exercício da profissão de jornalista.,favorável,878465
2009,"Declara de utilidade pública a ong ""Finoca Almeida Cunha - FINAC"",  em Ribeirão Preto.",favorável,916565
2009,"Declara de utilidade pública o ""Centro de Convivência Infantil Fonte de Luz"", em Franca.",favorável,869831
2009,"Declara de utilidade pública o ""Lar de Idosos Eurípedes Barsanulfo - LIEB"", em Franca.",favorável,897487
2009,"Apela para o Sr. Presidente da República a fim de que determine ao Ministério da Fazenda a elaboração de estudos e a adoção de providências no sentido isentar do Imposto sobre Produtos Industrializados - IPI as aquisições de máquinas, equipamentos e caminhões pelos municípios com menos de cinquenta mil habitantes.",favorável,890182
2009,"Apela para os Sr. Presidente da República e para os Srs. Presidentes do Senado Federal e da Câmara dos Deputados, visando à aprovação do Projeto de lei nº 196, de 2009, que acrescenta na Lei nº 11.350, de 2006, os artigos 9º - ""A"" a 9º - ""C"", para instituir o piso salarial profissional nacional dos Agentes Comunitários de Saúde e Agentes de Combate às Endemias.",favorável,922003
2009,"Declara de utilidade pública o ""Instituto Ato"", na Capital.",favorável,896890
2009,"Reconhece a decisão do Tribunal de Contas do Estado de São Paulo, referente ao Processo TC-010259/026/05, que julgou irregular o contrato celebrado entre o Centro de Detenção Provisória de São Vicente e a empresa De Nadai Alimentação S/A.",favorável,861292
2009,"Reconhece a decisão do Tribunal de Contas do Estado de São Paulo no Processo TC - 9377/026/05, que encontrou irregularidades no contrato firmado entre o Banco Nossa Caixa S.A. e a empresa TNL Contax S.A.",favorável,895288
2009,"Apela para os Srs. Presidentes do Senado Federal e da Câmara dos Deputados, bem como para os líderes dos partidos, a fim de que empreendam esforços para que se aprove o Projeto de Lei nº 3885, de 2008.",favorável,864237
2009,"Desconstitui a decisão do Tribunal de Contas do Estado de São Paulo, referente ao processo TC 7358/026/2002, que julgou irregulares a concorrência pública e o contrato, bem como os termos de aditamento, firmados entre a Companhia de Desenvolvimento Habitacional e Urbano do Estado de São Paulo - CDHU e a empresa Dourado Comércio e Construções Ltda.",favorável,915694
2009,"Declara de utilidade pública a ""Casa de Recuperação Recanto Vida Nova"", em Bastos.",favorável,887910
2009,"Reconhece a decisão do Tribunal de Contas do Estado de São Paulo, referente ao Processo TC - 006949/026/04, que julgou irregulares a dispensa de licitação, o contrato e os termos aditivos celebrados entre a Fundação para o Desenvolvimento da Educação - FDE e o Instituto de Organização Racional do Trabalho - IDORT.",favorável,849039
2009,Aprova a apresentação de Proposta de Emenda à Constituição Federal objetivando alterar o artigo 132.,favorável,873695
2009,"Apela para os Srs. Presidente da República, do Senado e da Câmara dos Deputados a fim de que a Lei 10.054, de 2000, seja alterada, fazendo incluir no rol do artigo 3º a possibilidade de ser realizada identificação criminal, ainda que o indiciado tenha sido identificado civilmente, no crime de quadrilha ou bando (art. 288 do C.P.) e nos crimes praticados por organizações criminosas (Lei 9034, de 1990).",favorável,859231
2009,"Declara de utilidade pública a ""Instituição Assistencial e Educacional Shallon Adonai"", em Hortolândia.",favorável,890265
2009,"Declara de utilidade pública a ""Associação Projeto Anhumas"", em Campinas.",favorável,888428
2009,"Reconhece a decisão do Tribunal de Contas do Estado de São Paulo, referente ao processo TC 1505/002/05, que julgou irregular o Termo de Aditamento relativo ao contrato celebrado entre a Fundação para o Desenvolvimento Médico Hospitalar - FAMESP e a empresa Empreiteira Resiplan Ltda.",favorável,920711
2009,Considera regulares e ficam aprovadas as contas anuais apresentadas pelo Senhor Chefe do Poder Executivo relativas ao exercício econômico-financeiro de 2008.,favorável,902500
2009,Altera a redação do § 9º e suprime o § 9º-A do artigo 14 e altera a redação do § 3º do artigo 52-A.,favorável,891399
2009,"Declara de utilidade pública a ""Associação de Pais e Amigos dos Excepcionais de Guarulhos - APAE"".",favorável,869736
2009,"Apela para os Srs. Presidente da República, do Senado Federal e da Câmara dos Deputados, bem como para os Srs. Líderes Partidários, no sentido de se regulamentar a profissão de instrumentação cirúrgica.",favorável,898747
2009,"Declara de utilidade pública o ""Lar do Idoso - Servas do Senhor"", em Bebedouro.",favorável,888677
2009,"Declara de utilidade pública a ""Associação São Sebastião de Borborema - ASSB"", em Borborema.",favorável,898864
2009,"Declara de utilidade pública a ""Associação Educacional da Juventude de Ribeirão Preto - AJURP"", naquele Município.",favorável,857107
2023,Proíbe a utilização de verba pública em eventos e serviços que promovam a sexualização de crianças e adolescentes.,favorável,1000485172
2023,"Altera a Lei nº 17.219, de 29 de novembro de 2019, que dispõe sobre a criação do Fundo Estadual de Segurança Pública e do Conselho Estadual de Segurança Pública e Defesa Social.",favorável,1000486193
2023,"Altera a Lei nº 13.296, de 23 de dezembro de 2008, que estabelece o tratamento tributário do Imposto sobre a Propriedade de Veículos Automotores - IPVA.",favorável,1000487943
2023,Veda a destinação de recursos públicos de qualquer natureza a reuniões públicas ou privadas que defendam qualquer tipo de apologia ao uso ou liberação de qualquer substância entorpecente.,favorável,1000492365
2023,Autoriza o Poder Executivo a implantar pontos gratuitos e abertos de acesso à internet sem fio no sistema dos transportes coletivos estaduais.,favorável,1000487555
2023,Estabelece campanha de combate à importunação sexual e medidas de proteção à vítima a serem adotadas em estabelecimentos prestadores de serviços destinados à prática da atividade física.,favorável,1000493008
2023,"Institui o ""Dia das Mães que Oram pelos Filhos"", incluindo-o no Calendário Oficial do Estado.",favorável,1000501369
2023,Institui a Política Estadual de Apoio e Incentivo à Mulher no Esporte.,favorável,1000497756
2023,Assegura direitos aos trabalhadores que realizam entregas intermediadas por aplicativos no Estado.,favorável,1000493891
2023,"Denomina ""Anhangabaú - Zumbi de Palmares"" a Estação Anhangabaú do Metrô de São Paulo.",favorável,1000485382
2023,Autoriza o Poder Executivo a estabelecer condições especiais para o ingresso de jovens não adotados nas instituições estaduais de ensino técnico de nível médio.,favorável,1000495041
2023,"Susta o Decreto nº 60.020, de 26 de dezembro de 2013.",favorável,1000485285
2023,"Inclui no Calendário Turístico do Estado o festival ""Rock in Iperó"".",favorável,1000498949
2023,Institui a política estadual de atenção à saúde aos portadores do Transtorno do Espectro Autista - TEA e do Transtorno do Déficit de Atenção e Hiperatividade - TDAH.,favorável,1000502861
2023,"Apela à Câmara dos Deputados pela aprovação do Projeto de Lei nº 1.183, de 27 de fevereiro de 2019, que dispõe sobre a regulamentação do exercício das profissões de Conservador-Restaurador de Bens Culturais e de Técnico em Conservação-Restauração de Bens Culturais.",favorável,1000502385
2023,"Torna obrigatória a inserção do ""cordão de fita com desenhos de girassóis"", símbolo nacional de identificação de pessoas com deficiências ocultas nas placas de atendimento prioritário.",favorável,1000500463
2023,"Manifesta apoio à continuidade de funcionamento da ER-JUCESP-LUCÉLIA, ainda que alguns serviços venham a ser digitalizados, para que a classe empresarial e a sociedade de Lucélia e região não sejam prejudicadas pela falta de tão inestimável atendimento presencial.",favorável,1000493052
2023,Estabelece a isenção do Imposto sobre a Propriedade de Veículos Automotores (IPVA) para os veículos impossibilitados de circular.,favorável,1000488697
2010,"Apela para o Sr. Ministro Presidente do Tribunal Superior do Trabalho para que envide todos os esforços para a construção do Fórum Trabalhista de Presidente Prudente, que irá trazer benefícios aos jurisdicionados e aos profissionais do direito que recorrem a essa justiça especializada.",favorável,942197
2010,"Declara de utilidade pública a ""Associação Ambientalista Defensora da Bacia do Paranapanema - AADEP"", em Bernardino de Campos.",favorável,924905
2010,"Reconhece a decisão do Tribunal de Contas do Estado de São Paulo, no Processo TC 28066/026/06, que julgou irregular o Pregão nº 04/06,  realizado pelo Instituto de Saúde.",favorável,943192
2010,"Declara de utilidade pública a ""Companhia de Artes Tribus"", em Praia Grande.",favorável,941037
2010,"Revoga o Decreto Legislativo nº 1506, de 2009 (PDL nº 502, de 2005 - RGL 6129, de 2001), referente a contrato firmado entre a CETESB e a empresa Tecknocon Comércio e Serviços Técnicos Ltda - Processo TC - 4206/026/99.",favorável,933827
2010,Autoriza o Poder Executivo a contruir e instalar uma unidade do Instituto de Reabilitação da Rede Lucy Montoro em São Bernardo do Campo.,favorável,973855
2010,"Declara de utilidade pública o ""Instituto Brasileiro de Ciências Criminais - IBCCRIM"", na Capital.",favorável,987609
2010,"Declara de utilidade pública a ""Associação de Ensino José Wellington Bezerra da Costa"", em Votuporanga.",favorável,924032
2010,"Desconstitui a decisão do Tribunal de Contas do Estado no acórdão referente ao Processo nº TC 14683/026/06, que julgou irregular o contrato celebrado entre a FDE - Fundação para o Desenvolvimento da Educação e a empresa Construtora e Incorporadora Faleiros Ltda.",favorável,971733
2010,"Dá a denominação de ""Dr. Luiz Roberto Barradas Barata"" ao Hospital Estadual de Ribeirão Preto.",favorável,961533
2010,"Acresce o artigo 161-A à Seção I do Capítulo I do Título V que dispõe sobre os princípios gerais do Sistema Tributário Estadual, garantindo tratamento tributário diferenciado para as atividades de reciclagem.",favorável,965538
2010,"Declara de utilidade pública o ""Instituto Cidade Nova"", em Itu.",favorável,944343
2012,"Declara de utilidade pública a ""Associação dos Usuários do Centro Comunitário Urbano (CECOU)"", em Euclides da Cunha Paulista.",favorável,1086444
2012,Altera a denominação dos atuais cargos de Juiz de Direito Auxiliar de Entrância Final.,favorável,1092368
2012,"Apela para a Sra. Presidente da República e para os Srs. Presidentes do Senado Federal e da Câmara dos Deputados, bem como para os líderes partidários, a fim de que tomem as providências administrativas e legislativas necessárias para fiscalizar e impedir o acesso de crianças e adolescentes a salas de bate-papo virtual de conteúdo sexual, a imagens pornográficas ou aos demais meios de exploração de sexo na Rede Mundial de Computadores (SUGESTÃO LEGISLATIVA APRESENTADA PELO SR. MARCO AURÉLIO DA CRUZ).",favorável,1064267
2012,"Apela para o Sr. Presidente da Câmara dos Deputados, bem como para os líderes partidários, a fim de que empreendam esforços para a priorização do Projeto de Lei nº 2295/2000, que dispõe sobre a redução da jornada de trabalho dos emfermeiros, técnicos e auxiliares de enfermagem.",favorável,1074690
2012,"Declara de utilidade pública a ""Associação Casa da Criança Zenaide de Souza Lima"", em Itaquaquecetuba.",favorável,1088473
2012,"Declara de utilidade pública a ""Associação Projeto Oficina Escola de Artes e Ofícios de Itu - POEAO"", naquele Município.",favorável,1063936
2012,"Apela para a Sra. Presidente da República a fim de que se adotem providências para que o PROUNI abra espaço para cursos de medicina com contratos que garantam que os médicos formados pelo mesmo sirvam aos Municípios por um tempo determinado e que seus salários sejam isentos de impostos, beneficiando dessa maneira o povo brasileiro.",favorável,1093460
2012,"Declara de utilidade pública a ""Associação Down de Itapira"", naquele Município.",favorável,1077228
2012,"Apela para a Sra. Presidenta da República a fim de que determine a realização dos estudos técnicos e a adoção das medidas necessárias visando a redução ou isenção da carga tributária incidente sobre a cadeia produtiva dos insumos utilizados no cultivo de laranja, bem como a prorrogação da Linha Especial de Crédito (LEC) para garantir o financiamento da estocagem de suco.",favorável,1086853
2012,"Declara de utilidade pública o ""Projeto Semente - Amparo Responsável Educacional de Incentivo Artístico e Ofícios - AREIAO"", em Itapevi.",favorável,1067316
2012,Apela para a Sra. Presidente da República e para os Srs. Presidentes do Senado Federal e da Câmara dos Deputados a fim de que empreendam esforços na aprovação de investimentos da ordem de 10% (dez por cento) do PIB em educação.,favorável,1072134
2019,"Altera dispositivos da Resolução nº 576, de 26 de junho de 1970, com modificações posteriores.",favorável,1000258647
2019,"Revoga a Lei nº 15.556, de 29 de agosto de 2014.",favorável,1000254062
2019,Aprova a indicação de membro do Senhor Marcos Roberto Lopomo para o Conselho Diretor da Agência Reguladora de Saneamento e Energia do Estado de São Paulo - ARSESP.,favorável,1000254176
2019,"Manifesta veemente repúdio à exposição ""Palestina - Da limpeza étnica à resistência e reconhecimento internacional"", aberta à visitação pública na Assembleia Legislativa do Estado do Rio Grande do Sul, em 25 de novembro de 2019, promovida pelos Deputados Estaduais Luiz Fernando Mainardi (PT-RS) e Sofia Cavedon (PT-RS).",favorável,1000312534
2019,Aprova a indicação de membro para integrar a Diretoria da Agência Reguladora de Serviços Públicos Delegados de Transporte do Estado de São Paulo - ARTESP.,favorável,1000273344
2019,"Aplaude os membros da Marinha do Brasil, que atuaram com sucesso, no dia 20 de novembro, ao teste de imersão estática do submarino ""Riachuelo"", o primeiro dos quatro submarinos de propulsão diesel-elétrica em construção no Brasil, no âmbito do Programa de Desenvolvimento de Submarinos (PROSUB).",favorável,1000312254
2019,Aplaude os pesquisadores da UNICAMP no estudo pioneiro do zika vírus como agente inibidor do tumor de próstata.,favorável,1000311277
2019,Amplia os horários de atendimento dos restaurantes do Programa Bom Prato.,favorável,1000281358
2019,Aprova a indicação de membro do Senhor Marcus Vinicius Vaz Bonini para o Conselho Diretor da Agência Reguladora de Saneamento e Energia do Estado de São Paulo - ARSESP.,favorável,1000254175
2021,"Repudia as incursões de aviões militares chineses no espaço aéreo taiwanês, ocorridas em 04 de outubro de 2021.",favorável,1000389789
2021,Tipifica o porte de drogas ilícitas como infração administrativa com imposição de multa.,favorável,1000361568
2021,"Apela aos senhores parlamentares federais a fim de que aprovem a PEC 135, de 2019, que trata do sistema de votação e apuração de eleições, plebiscitos e referendos, com a expedição de cédulas físicas, conferíveis pelo eleitor, em defesa da democracia e dos princípios constitucionais.",favorável,1000379890
2021,"Cria o ""Memorial AVARC (Acolhimento de Vítimas, Análise e Resolução de Conflitos) em Homenagem às vítimas da COVID-19"", no Hall Monumental do Palácio 9 de Julho.",favorável,1000383331
2021,"Autoriza os contribuintes do Imposto sobre Transmissão Causa Mortis e Doação de Quaisquer Bens ou Direitos - ITCMD e do Imposto sobre Propriedade de Veículos Automotores - IPVA a realizar o pagamento de parte dos tributos na forma de doações diretas a Organizações da Sociedade Civil de Interesse Público - OSCIPs situadas e atuantes no Estado, a Fundos e Fundações Estaduais ou Municipais e a entidades de assistência social já subvencionadas pelo Governo do Estado.",favorável,1000377314
2021,Tipifica como infração administrativa e sanciona com multa a exigência de apresentação de comprovante de vacinação para entrada e permanência em estabelecimentos de acesso ao público.,favorável,1000386262
2021,Propõe a supressão do § 3º do artigo 11 do Regimento Interno.,favorável,1000371800
2021,"Aplaude a Federação de Empresas Juniores do Estado - Fejesp, que oferece consultorias gratuitas para empreendedores que enfrentam alguma dificuldade nesse período de pandemia, contribuindo para a manutenção do emprego e da renda.",favorável,1000375741
2021,"Veda o uso da chamada ""linguagem neutra"" em quaisquer comunicações oficiais ou extraoficiais, internas ou externas à administração pública direta e indireta de qualquer dos poderes do Estado, autarquias, fundações, empresas públicas, sociedades de economia mista, suas subsidiárias, e sociedades controladas, direta ou indiretamente, pelo poder público.",favorável,1000382522
2015,Acresce o § 4º ao artigo 13 da Constituição do Estado.,favorável,1276776
2015,"Dá nova forma aos artigos 10 e 23 da Resolução nº 576, de 1970, e alterações posteriores, na forma consolidada.",favorável,1262851
2015,"Declara de utilidade pública a ""Associação Criança Feliz de Sorocaba - ACFS"", naquele Município.",favorável,1251846
2015,"Institui a ""Semana Estadual da Diabetes Tipo 1"".",favorável,1252278
2015,Proíbe a prática do proselitismo político no Sistema Educacional do Estado de São Paulo.,favorável,1251130
2008,"Declara de utilidade pública a ""Casa da Criança Feliz"", na Capital.",favorável,824239
2008,"Susta processo movido pela Justiça Eleitoral em face de deputado, nos termos dos §§ 3º e 4º do artigo 14 da Constituição do Estado.",favorável,796289
2008,"Declara de utilidade pública o ""Lar Creche Wilson de Oliveira"", em Jundiaí.",favorável,844538
2013,"Declara de utilidade pública o ""Grupo dos Voluntários de Combate ao Câncer de Capão Bonito"", naquele Município.",favorável,1133257
2013,Altera a redação do artigo 35 do Regimento Interno.,favorável,1131758
2013,Classifica Florínea como Município de Interesse Turístico.,favorável,1178764
2001,"Parecer nº 1812, de 2001. Concede licença para o prosseguimento do Processo nº  95.01.19019-6/MG, perante o Tribunal Regional Federal da 1ª Região, em face do  Deputado José Aldo Demarchi.",favorável,131740
2001,"Parecer nº 1811, de 2001. Concede licença para o prosseguimento do Processo nº   31.271.0/8, perante o Tribunal  de Justiça do Estado de São Paulo, em face do  Deputado Dimas Eduardo Ramalho.",favorável,131739
2017,"Manifesta protesto contra o Projeto de Lei nº 65, de 2017, de autoria do Poder Executivo de Bebedouro, que dispõe sobre a mudança de denominação da Praça Chico Mendes para Praça Maria Loreto Santos, no Jardim Talarico, em Bebedouro.",favorável,1000170224
2017,"Dispõe sobre a reprodução, criação, venda, compra e doação de animais de estimação em estabelecimentos comerciais e outros, no Estado.",favorável,1000027425
2004,"Apela para o Sr. Presidente da República a fim de, através do Excelentíssimo Senhor Ministro de Estado do Desenvolvimento, Indústria e Comércio Exterior, fixar preço mínimo para as importações do produto coríndon artificial (óxido de alumínio) marrom provenientes da China.",favorável,515041
2004,"Fixa a data-base para revisão anual dos vencimentos e proventos dos servidores públicos, ativos e inativos, do Poder Judiciário.",favorável,517866
2020,"Concede isenção temporária da alíquota do Imposto sobre Operações Relativas à Circulação de Mercadorias e sobre Prestações de Serviços de Transporte Interestadual e Intermunicipal e de Comunicação - ICMS ao ""arroz com casca não parboilizado"" e ao ""arroz semibranqueado ou branqueado, não parboibilizado"" da Nomenclatura Comum do Mercosul.",favorável,1000335412
2020,Determina a realização de testes em massa para COVID-19 no âmbito do Estado.,favorável,1000342927
1996,"Passa a denominar-se ""Gladys Bernardes Minhoto"" a Rodovia SP-129 no trecho que liga Tatuí a Itapetininga, a ""Maria Conceição Galvão Andrade"" ao trecho que liga Boituva a Tatuí, da referida Rodovia.",favorável,61489
2007,"Mantém a decisão do Tribunal de Contas do Estado de São Paulo, no acórdão prolatado pela E. Segunda Câmara referente ao Processo TC 2550/026/99, que julgou irregular as contas do Instituto de Pesquisas Tecnológicas do Estado de São Paulo - IPT, referentes ao exercício de 1999.",favorável,723923
2014,"Declara de utilidade pública a ""Associação Franciscana de Solidariedade"", na Capital.",favorável,1237897
2022,"Repudia a decisão da Diretora de Ensino da cidade de Mogi das Cruzes, Sra. Estela Vanessa de Menezes Cruz, que fechou quatro classes de aula da Escola Estadual Paula Ferrari, em Jundiapeba.",favorável,1000438583
2006,"Revoga as leis sem numeração que especifica, compreendidas entre 1970 e 1972.",favorável,665564
2005,Revoga as resoluções legislativas que especifica.,favorável,618332
2018,"Declara de utilidade pública a ""LAV - LAR, AMOR E VIDA"", em Bariri.",favorável,1000225552
1996,"Altera a redação do parágrafo único do artigo 100 da Constituição do Estado, que dispõe sobre a nomeação do Procurador Geral do Estado.",contrário,4230
2001,"Parecer nº 522/01. Aprova o 6º termo aditivo do contrato celebrado entre a Companhia do Metropolitano de São Paulo - Metrô e a Pluri Engenharia e Projetos S/C Ltda, constante do Processo TC 03290/026/91.",contrário,109556
2003,"Institui o Programa de Restrição à Circulação de Veículos Automotores nas Regiões Metropolitanas do Estado, denominado "" Selo Verde"".",contrário,179760
2003,"Autoriza a veiculação publicitária externa, nos ônibus que compõem o Sistema dos Serviços Intermunicipais Regulares de Transporte Coletivo de Passageiros (linhas rodoviárias, suburbanas e de fretamento).",contrário,190932
2003,Autoriza o Poder Executivo a conceder Auxílio-Creche aos servidores públicos do Estado.,contrário,197570
2001,Proíbe a permanência e a circulação de cães ferozes em locais públicos sem focinheiras e coleiras.,contrário,110768
2003,Obriga a utilização de arroz suplementado com ferro nas refeições do pré-escolar em escolas e creches assistenciais ou públicas de educação infantil.,contrário,183843
2003,"Obriga as indústrias de cigarros a compensarem o Estado e os municípios pelos custos despendidos com os atendimentos médicos no Sistema Único de Saúde - SUS, prestados a portadores de doenças associadas ao tabagismo.",contrário,196770
2003,Apela para o Sr. Presidente da República a fim de proibir a aplicação do teste de apnéia para diagnóstico da morte cerebral.,contrário,201340
2003,"Assegura o direito à opção do tratamento psicológico aos autores de crimes de agressão física e moral contra a mulher, na fase processual de conciliação, no âmbito dos Juizados Especiais Criminais do Estado.",contrário,202133
2003,"Dispõe sobre efetivação, na Polícia Militar, dos Soldados Temporários.",contrário,197711
2003,Cria no Ambito do Estado o programa de auxilio as pessoas que voluntariamente optarem pela mudança da homossexualidade ou de sua orientação sexual da homossexualidade para a heterossexualidade.,contrário,197716
2003,"Obriga os fornecedores de peças e componentes, utilizados na montagem ou reparo de equipamento elétrico ou mecânico, a assegurarem, expressamente, garantia da mesma, independente da garantia legal.",contrário,197980
2003,"Sujeita à realização de audiências públicas prévias à sua remessa ao Legislativo, os projetos de lei, de iniciativa do Executivo, que tratem de temas relacionados ao meio ambiente.",contrário,179759
2003,Institui contribuição de apoio às Santas Casas de Misericórdia.,contrário,196769
2003,Estabelece a obrigatoriedade de publicação no Diário Oficial do Estado de São Paulo dos atos que especifica.,contrário,184266
2003,Dispõe sobre alíquota do ICMS  incidente sobre operações que tenham por objeto fumo e seus sucedâneos.,contrário,194350
2003,Apela para o Sr. Presidente República a fim de alterar as leis ambientais para elevar  de 50% para 70% o percentual de desmatamento de alguns Estados de modo ampliar as áreas destinadas a acomodar todos os integrantes do MST   Movimento dos Sem Terra.,contrário,193319
2003,Obriga o lançamento dos efluentes tratados das estações de tratamento de esgoto - ETE nos mananciais de origem da captação.,contrário,197560
2003,"Obriga as empresas que executarem obras públicas a colocarem placas, em lugar visível, com as informações que especifica.",contrário,215882
2003,"Declara de utilidade pública a ""Associação de Munícipes para Amparo ao Menor Osasquense - AMAMOS"", em Osasco.",contrário,192043
2003,"Altera a redação  do  artigo 217 que dispõe sobre a garantia, pelo Estado, do bem-estar social.",contrário,194763
2003,"Dispensa o Funcionário Público Estadual, responsável por pessoa portadora de deficiência, de parte da jornada de trabalho.",contrário,197622
2003,"Inclui a disciplina ""Educação Moral e Cívica  no currículo do ensino fundamental e médio das escolas públicas do Estado.",contrário,197649
2003,Dispõe sobre o estágio de acadêmicos de Direito junto aos Juízos de Direito das Varas das Execuções Criminais.,contrário,197963
2003,"Acrescenta dispositivo ao Decreto-lei nº 260, de 1970, alterado pela Lei nº 8992, de 1994, a fim de conceder, na aposentadoria, proventos integrais relativos ao posto imediato, a título de promoção, à Praça mulher.",contrário,197643
2003,"Permite a encampação das concessões objetos de contratos celebradas entre o Governo do Estado e concessionários, para exploração  de rodovias no âmbito do Estado.",contrário,197744
2003,"Susta o Decreto nº 48.115, de 2003, que introduz alterações no Regulamento do Imposto sobre Circulação de Mercadorias e Prestações de Serviços - RICMS.",contrário,219650
2003,Dispõe sobre desconto de 50% no valor do pedágio para os veículos acima de 2 toneladas que trafegarem nas rodovias do Estado de São Paulo no horário das 23:00 às 05:00 horas.,contrário,197586
2003,Institui o Fundo de Auxílio Financeiro ao Estudante  do Ensino Superior no Estado de São Paulo   (FAFEES).,contrário,197628
2003,"Obriga as empresas concessionárias que administram rodovias do Estado a destinarem, ao Fundo Social de Solidariedade, 20% (vinte por cento) dos recursos arrecadados através da autorização de veiculação publicitária, nos equipamentos e áreas destinadas aos usuários.",contrário,190044
2003,Assegura aos estudantes o desconto de 50%  (cinqüenta por cento) na aquisição de livros de todas as categorias.,contrário,187651
2003,"Dispõe sobre a criação da ""Escola Superior Unificada de Polícia"".",contrário,197594
2003,Vincula o correspondente a 2% (dois por cento) de toda a arrecadação do ICMS cobrado pelo consumo da eletricidade aos programas gerais de saúde pública.,contrário,198849
2003,"Acrescenta parágrafos ao artigo 181 que dispõe sobre estabelecimento, pelos municípios, de normas relativas ao uso e ocupação do solo.",contrário,203643
2003,Obriga o Poder Executivo a destinar parcela da arrecadação do ICMS para a recuperação do meio ambiente.,contrário,209250
2005,"Altera dispositivos da Resolução nº 576, de 1970, que dispõem sobre constituição de Comissão Parlamentar de Inquérito.",contrário,619521
2006,Dispõe sobre a criação de Comissão Parlamentar de Inquérito.,contrário,670485
2008,Obriga os estabelecimentos industriais e condomínios residenciais que possuírem caixa d'água para armazenamento de água potável com capacidade acima de 50.000 (cinqüenta mil) litros a manterem um químico responsável pela manutenção da qualidade da água.,contrário,844013
2009,"Proíbe mudança na indicação de livros didáticos para as escolas públicas e particulares antes de período mínimo, fixado, matéria por matéria, em decreto regulamentador dessa norma, a partir da última escolha feita pelo corpo docente.",contrário,896934
2009,"Altera a redação dos artigos 7º e 21 da Lei nº 13.296, de 2008, que estabelece o tratamento tributário do Imposto sobre a Propriedade de Veículos Automotores - IPVA.",contrário,863238
2009,"Altera a redação do artigo 21 da Lei nº 13.296, de 2008, que estabelece o tratamento tributário do Imposto sobre a Propriedade de Veículos Automotores - IPVA.",contrário,868438
2009,"Altera os §§ 1º e 2º do artigo 2º da Lei nº 13.541, de 2009, que proíbe o consumo de cigarros, cigarrilhas, charutos ou de qualquer outro produto fumígeno, derivado ou não do tabaco, de modo a estender a proibição a locais específicos, abertos e ventilados, em que seja usual a formação de fila ou concentração de pessoas.",contrário,869616
2010,"Apela para o Sr. Presidente do Congresso Nacional para que, através dos órgãos competentes, apresente propositura que restabeleça no Código Penal Brasileiro, de maneira diferenciada, em artigos distintos, os crimes de ""estupro"" e ""atentado violento ao pudor"", a fim de que a tipificação de cada crime evidencie a real conduta do agente infrator da lei no crime correspondido.",contrário,956929
2009,"Mantém a decisão do Tribunal de Contas do Estado de São Paulo, referente ao Processo TC-3111/026/99, que julgou irregulares a licitação e o contrato firmado entre a Secretaria de Administração Penitenciária de São Paulo - Coordenadoria dos Estabelecimentos Penitenciários do Estado - Casa de Detenção Feminina do Tatuapé e a empresa Geraldo G. Coan & Cia Ltda.",contrário,883249
2009,"Proíbe as concessionárias de energia elétrica do Estado, de suspender o fornecimento de energia elétrica para os consumidores que necessitem de uso contínuo e domiciliar de aparelho para realizar procedimentos médicos indispensáveis à preservação da vida.",contrário,886692
2009,Autoriza o Poder Executivo a criar e instalar a Faculdade de Medicina de Presidente Prudente.,contrário,891827
2011,"Estabelece normas suplementares de direito penitenciário, e regula e autoriza a utilização de substâncias para a denominada ""castração química"" em presos condenados pelos delitos previstos nos artigos 213, 217-A, 218 e 218-A, do Decreto-Lei 2.848, de 1940 (Código Penal Brasileiro), nos casos de pedofilia, assim considerada pelo Código Internacional de Doenças",contrário,1002896
2011,"Altera a Lei nº 10.871, de 2001, que dispõe sobre a Loteria da Habitação.",contrário,1004582
2009,"Acrescenta § 4º ao artigo 2º da Lei Complementar 1010, de 2007, que dispõe sobre a criação da São Paulo Previdência - SPPREV.",contrário,916919
2009,"Cria o ""Programa Estrada Limpa"".",contrário,918697
2011,"Acrescenta o artigo 263-B, para destinação de recursos à cultura.",contrário,1012711
2010,Isenta do pagamento de pedágio os veículos automotores de duas rodas.,contrário,925566
2010,"Assegura o direito à moradia, e disciplina a comunicação oficial das autoridades competentes sobre diligências relativas ao despejo coletivo de comunidades rurais e urbanas no Estado.",contrário,928051
2010,Determina a retirada das cancelas das praças de pedágios do sistema Sem Parar - Via Fácil em todas as rodovias do Estado.,contrário,932622
2010,"Reconhece a decisão do Tribunal de Contas do Estado de São Paulo, no Processo TC - 6201/026/90, que constatou irregularidade no contrato firmado entre o Departamento de Estradas de Rodagem do Estado de São Paulo e a Serveng Civilsan S/A.",contrário,942920
2010,"Institui o ""Dia do Vizinho"" no Calendário Oficial do Estado.",contrário,961575
2011,"Determina que os reajustes de vencimentos de Governador, Secretários de Estado e Deputados Estaduais fiquem condicionados à extensão do mesmo porcentual aos vencimentos dos servidores públicos estaduais, da ativa e aposentados.",contrário,999464
2011,Institui o Conselho Estadual de Segurança Pública.,contrário,1003107
2011,"Autoriza o Poder Executivo a isentar do pagamento de pedágio os proprietários de veículos moradores de cidades nas quais haja praças ou postos de pedágios e arrecadação, localizados em estradas estaduais ou sob sua jurisdição, quando não houver via alternativa pavimentada e em boas condições de tráfego.",contrário,1004875
2012,Proíbe a venda de remédios a base de corticóide e/ou corticosteróides sem apresentação de prescrição médica.,contrário,1067736
2011,Institui a Frequência Eletrônica nas escolas estaduais do Estado.,contrário,1015697
2012,"Condiciona a apresentação, narração e transmissão de eventos esportivos públicos no Estado a serem realizadas, obrigatoriamente em língua portuguesa.",contrário,1072025
2011,"Dispõe sobre a isenção do ICMS na aquisição de equipamentos e materiais esportivos destinados, exclusivamente, ao treinamento e à preparação de atletas e equipes brasileiras para competições desportivas em jogos olímpicos, paraolímpicos, pan-americanos e mundiais.",contrário,1016655
2011,"Apela para a Sra. Presidente da República e para o Sr. Presidente do Senado Federal a fim de que determinem estudos e adoção de providencias para que seja instituída uma campanha de esclarecimento acerca dos problemas relacionados ao Projeto de Lei Ordinária nº 5003-B, de 2001, substituído pelo PLC 122, de 2006, que criminaliza qualquer manifestação contra homossexualismo especificamente, distorcendo valores e tratando pessoas com preferências sexuais específicas como se não fossem cidadãos normais.",contrário,1018761
2011,"Apóia o movimento dos soldados do Corpo de Bombeiros do Estado do Rio de Janeiro, solidarizando-se com todas as suas lutas e reivindicações e defendendo a imediata libertação dos soldados aprisionados.",contrário,1018317
2012,Determina que todos os aeroportos do Estado tenham um desfibrilador cardíaco automático.,contrário,1074857
2012,Obriga as emissoras de Rádio e Televisão a transmitirem a execução do Hino Nacional nos eventos esportivos do Estado.,contrário,1076587
2013,"Declara o Município de Diadema ""Cidade Sustentável"".",contrário,1121753
2014,Determina que os rótulos nutricionais presentes nas embalagens dos alimentos e das bebidas apresentem em maior destaque o número de calorias.,contrário,1195843
2017,Estabelece estrutura mínima de cargos e funções do magistério e apoio escolar em exercício nas escolas públicas estaduais.,contrário,1000026834
2004,"Reforma a decisão do Tribunal de Contas do Estado, que julgou irregulares o Processo Seletivo da Concorrência Pública e o Contrato  celebrado pelo Departamento de Estradas e Rodagens do Estado de São Paulo - DER - e a Transtécnica Construções e Comércio Limitada, bem como o Termo de Aditamento celebrado em 10/01/1995, constante do TC - 22056/026/94.",contrário,524583
2004,"Reforma  a decisão do Tribunal de Contas do Estado que julgou irregulares o Processo Seletivo da Concorrência Pública e o Contrato celebrado pelo Departamento de Estradas e Rodagens do Estado de São Paulo - DER  e a empresa Consdon Engenharia e Comércio Limitada, bem como o Termo de Aditivo e Modificativo, constante do Processo TC - 018363/026/00.",contrário,526058
2003,"Manifesta apoio à atitude do Governo do Estado de Alagoas, pela demonstração de civismo e cidadania ao abrigar Luiz Fernando da Costa, mais conhecido pela alcunha de ""Fernandinho Beiramar"".",contrário,197580
2020,"Proíbe a interrupção dos serviços de conexão à internet residencial, móvel e comercial durante o estado de calamidade pública decorrente da COVID-19.",contrário,1000321901
2019,"Altera os artigos 61 e 71 da Resolução nº 576, de 26 de junho de 1970 - Regimento Interno da Assembleia Legislativa do Estado de São Paulo, de modo a excluir a figura do Relator Especial nas comissões.",contrário,1000314669
2021,"Altera o artigo 7º da Lei Complementar nº 432, de 18 de dezembro de 1985, e o artigo 2º da Lei Complementar nº 776, de 23 de dezembro de 1993.",contrário,1000363043
2003,"Dispensa de qualquer restrição imposta à circulação de veículos automotores àqueles  movidos a álcool, a gás e a energia elétrica.",contrário,180411
2003,"Altera dispositivo da Lei nº 9.165, de 1995, que dispõe sobre a concessão de pensões aos portadores de hanseníase.",contrário,181322
2021,"Estabelece prioridade para grávidas, lactantes e puérperas, com ou sem comorbidades, no Plano Estadual de Imunização contra a COVID-19.",contrário,1000370275
2003,"Dispõe sobre a inclusão, nos rótulos das bebidas alcoólicas comercializadas no Estado, da seguinte informação: ""Venda proibida para menores de 18 anos. Pena: prisão simples de dois meses a um ano ou multa"".",contrário,177840
2003,Autoriza o Poder Executivo Estadual a conceder acréscimo de 25% (vinte e cinco por cento) no valor da aposentadoria por invalidez do servidor público que necessitar da assistência permanente de outra pessoa.,contrário,197565
2003,"Determina ao Poder Executivo a celebração de convênios com as municipalidades para a assistência médica, odontológica e psicológica aos presos e adolescentes infratores no município.",contrário,197574
2003,"Cria o Programa de Análise, Estímulo e Substituição de Equipamentos Sanitários   PAESES.",contrário,197625
2022,Isenta o contribuinte do Estado do pagamento da Taxa de Renovação de Licenciamento Anual de Veículo (TRLAV).,contrário,1000429666
2003,Dispõe sobre isenção do ICMS para aquisição de bens móveis pelos órgãos da Administração Pública direta e indireta ou fundacional  do Estado e pelas prefeituras municipais.,contrário,183454
2003,"Dá a denominação de ""Professora Helena Braz Vendramini"" à Escola Estadual do  Parque Minas Gerais, em Ourinhos.",contrário,194875
2009,"Fica garantida, na rede estadual de ensino e de cultura, a destinação de espaço físico para a realização de atividades voltadas ao ensino, formação, aperfeiçoamento, preparação, lazer, recreação e outras, de natureza não religiosa ou político-partidária, que tenham por objetivo o desenvolvimento da comunidade e o exercício da cidadania.",contrário,849916
2003,"Apela para o Sr. Presidente da República a fim de incluir, no Código Penal Brasileiro, a pena de prisão perpétua para os casos que especifica.",contrário,184010
2009,"Cria o Cartório de Registro Civil das Pessoas Naturais do Distrito São Lucas, na Capital.",contrário,869837
2009,Cria o Sistema de Transparência do Legislativo (STL) com os objetivos de prestar contas e facilitar o acesso às informações referentes aos gastos realizados pelo parlamento.,contrário,846684
2011,Dispõe sobre a isenção dos médicos da restrição quanto à circulação de veículos nos Municípios que a adotam.,contrário,998167
2009,Institui o Programa Habitacional para Servidores dos Quadros da Educação.,contrário,864729
2011,"Dá nova redação ao inciso II do artigo 254, que dispõe sobre a eleição de Reitores e Vice-Reitores.",contrário,1006890
2009,Torna obrigatória a realização de cursos sobre a hanseníase para médicos e enfermeiros que compõem o quadro de funcionários dos Centros de Saúde ou AMAS.,contrário,888683
2011,"Dispõe sobre a obrigatoriedade de reserva de vagões em cada composição de trem ou metrô para uso exclusivo de mulheres com crianças de colo, gestantes, maiores de 65 anos e pessoas com necessidades especiais no Estado.",contrário,1009265
2009,"Torna obrigatório o uso de coletes infláveis de proteção (colete ""air bag"") para os condutores de motocicletas e de veículos similares nas rodovias do Estado.",contrário,849420
2009,"Veda a prestação de serviços de guarda, segurança e vigilância por cães de guarda com fins lucrativos no âmbito do Estado.",contrário,905287
2011,"Institui o programa ""Anjos da Guarda"", destinado aos alunos de Ensino Fundamental e Médio das escolas estaduais.",contrário,1038797
2009,"Altera a Lei nº 11.331, de 2002, que dispõe sobre os emolumentos praticados pelos serviços notariais e de registro, em face das disposições da Lei Federal nº 10.169, de 2000.",contrário,891613
2009,"Reconhece a decisão do Tribunal de Contas do Estado de São Paulo, no Processo TC - 018189/026/05, que julgou irregulares a concorrência e o contrato celebrado entre o Departamento de Estradas de Rodagem - DER e a EIT- Empresa Industrial Técnica S/A.",contrário,918644
2009,Institui a política de incentivo à redução da cobrança das tarifas de pedágio nas rodovias estaduais.,contrário,887914
2011,Estabelece valor unitário para o vale-refeição concedido aos servidores públicos estaduais.,contrário,999471
2009,Isenta do pagamento de tarifa de pedágio nas rodovias estaduais os veículos cujos proprietários possuam residência permanente ou exerçam atividades profissionais de caráter usual no Município em que se localizar a praça de pedágio.,contrário,910014
2021,"Regulamenta a cobrança pela utilização dos serviços de estacionamento em supermercados, hipermercados, centros comerciais e ""shopping centers"".",contrário,1000364962
2011,Dispõe sobre o reconhecimento e uso do nome social dos travestis e transexuais nos órgãos de administração pública do Estado.,contrário,1007629
2023,"Repudia a conduta da Vereadora Perla Muller, da Câmara Municipal de Ribeirão Preto, em entrevista na rádio Difusora.",contrário,1000488329
2012,Dispõe sobre a substituição de policiais que prestam serviços nas Assistências Policial Civil e Policial Militar da Assembleia Legislativa.,contrário,1064370
2010,"Apela para os Srs. Presidentes do Senado Federal e da Câmara dos Deputados, bem como para os líderes partidários, a fim de que empreendam esforços para que o Projeto de lei nº 1991, de 2007, que institui a Política Nacional de Resíduos Sólidos, apensado ao Projeto de lei nº 203, de 1991, seja apreciado e aprovado com a máxima brevidade possível.",contrário,965542
2010,"Limita o número de animais de estimação por unidade residencial nas áreas urbanas do Estado, conforme critérios técnicos que evitem situação de estresse, maus-tratos, desconforto e violência aos espécimes.",contrário,979177
2023,Repudia a Unilever Brasil pelo assédio moral e demissão de forma arbitrária e ilegal do funcionário Kelvin Saragossa Santos.,contrário,1000497491
2011,"Cria benefício previdenciário aos servidores públicos civis e militares aposentados ou reformados por invalidez que necessitem da assistência permanente de ""cuidador"".",contrário,1004063
2011,Estabelece diretrizes para o fornecimento de alimentação escolar no Estado.,contrário,1013180
2011,Proíbe a utilização de dispositivo antifurto que inutilize cédulas de dinheiro.,contrário,1012167
2011,"Cria o ""Programa Desconto para Automóveis Velhos"" no Estado.",contrário,1019795
2011,"Altera a Lei no 8.876, de 1994, que dispõe sobre o Fundo Especial de Despesa do Tribunal de Justiça do Estado de São Paulo.",contrário,1023066
2011,Dispõe sobre o Programa Estadual de Incentivo às Paradas de Conscientização da Diversidade Sexual no Estado.,contrário,1028753
2023,"Obriga que todo recurso público proveniente de transferências obrigatórias e voluntárias da União seja destinado ao pagamento dos vencimentos ou subsídios dos ocupantes de cargos públicos destinados à docência da rede pública e oficial do Estado, de modo que esses servidores recebam seu salário base, no mínimo, em valor igual àquele fixado para o piso salarial pela Lei Federal nº 11.738, de 16 de julho de 2008.",contrário,1000486063
2011,"Regulamenta o artigo 175 da Constituição do Estado, sobre a apreciação parlamentar de emendas à lei orçamentária anual.",contrário,1038507
2023,Estabelece que os benefícios pagos pelo Regime Próprio do Servidor Público do Estado são direitos sociais.,contrário,1000493903
2012,Torna obrigatória a adoção de pavimentação ecológica nas áreas que menciona.,contrário,1063989
2023,"Altera a Lei Complementar nº 207, de 05 de janeiro de 1979, Lei Orgânica da Polícia do Estado de São Paulo.",contrário,1000491381
2007,Cria nas escolas da Rede Estadual de Ensino uma Sala de Leitura e uma Sala de Informática.,contrário,705312
2012,Dispõe sobre a obrigatoriedade da presença do ensino da Filosofia no currículo escolar do ensino fundamental.,contrário,1075089
2008,Dispõe sobre a fiscalização e o controle do tráfego de veículos e combinações de veículos transportadores de cargas cuja capacidade de tração ultrapasse o limite de 20 toneladas nas rodovias estaduais.,contrário,838543
2008,"Mantém a decisão do Tribunal de Contas do Estado de São Paulo, referente ao Processo TC- 24085/026/01, que julgou irregulares a licitação, o contrato e o termo aditivo celebrado entre a Companhia de Seguros do Estado de São Paulo e a empresa USS Assistência 24 Horas Ltda.",contrário,810428
2009,"Altera a redação do artigo 1º da Lei Complementar nº 666, de 1991, que dispõe sobre a isenção de tarifas de transportes às pessoas portadoras de deficiência, acrescentando novo inciso II e renumerando-se o atual.",contrário,847263
2009,"Susta o contrato celebrado em  2004 entre a Secretaria da Justiça e Defesa da Cidadania - Junta Comercial do Estado de São Paulo e a TCI File Tecnologia do Conhecimento e da Informática Ltda., para execução de serviços de gerenciamento seguro de documentos e informações.",contrário,858237
2009,Proíbe a interrupção integral do funcionamento das estações e dos serviços oferecidos pela Companhia do Metropolitano de São Paulo - Metrô.,contrário,880765
2009,Autoriza o Poder Executivo a promover concurso interno de provas e títulos entre os Soldados Policiais Militares Temporários visando sua nomeação para o cargo inicial de Praças da Polícia Militar.,contrário,884637
2009,"Proíbe a importação, comercialização e reprodução de cães da raça ""Pitt Bull"" no Estado.",contrário,842312
2009,Regulamenta o sistema de cobrança de tarifa de pedágio por meios eletrônicos nas estradas paulistas.,contrário,894539
2009,Estabelece o limite mínimo de 7 (sete) metros de altura para a construção de obras-de-arte em todas as rodovias estaduais.,contrário,868667
2009,Regulamenta o planejamento e execução de expropriação de imóveis de uso residencial ou comercial urbano com finalidades públicas e sociais.,contrário,871433
2011,Proíbe o uso de aparelhos celulares nos estabelecimentos financeiros do Estado.,contrário,1007511
2011,"Apela para a Sra. Presidente da República e para os Srs. Presidentes do Senado Federal e da Câmara dos Deputados a fim de que determinem as providências necessárias para que seja reformulado o artigo 180 do Decreto-Lei nº 2.848, de 7 de dezembro de 1940 (Código Penal), no sentido de serem aumentadas as penas previstas para os crimes de receptação e receptação qualificada.",contrário,1015357
2015,"Altera a Lei Complementar nº 1.093 de 2009, que dispõe sobre a contratação por tempo determinado de que trata o inciso X do artigo 115 da Constituição Estadual.",contrário,1252802
2011,"Regulamenta o artigo 137 da Constituição Estadual, que dispõe sobre a mudança de função da funcionária gestante.",contrário,1004884
2011,"Apela para os Srs. Presidentes do Senado Federal e da Câmara dos Deputados, bem como para os líderes partidários, a fim de que empreendam esforços para a aprovação do Projeto de Lei 7376 de 2010,  que cria a Comissão Nacional da Verdade, no âmbito da Casa Civil da Presidência da República.",contrário,1024286
2015,"Dispõe sobre a alteração de dispositivos da Resolução n.º 576, de 1970, com modificações posteriores, que trata do Regimento Interno.",contrário,1255448
2011,"Dispõe sobre a criação do Plano de Castração, visando o controle populacional dos animais abandonados no Estado.",contrário,1031112
2011,"Assegura a reserva de no mínimo 30% dos ingressos, para os eventos da Copa do Mundo que acontecerão no estádios de futebol do Estado, pelo valor de meia-entrada para estudantes, idosos, desempregados e aposentados.",contrário,1039808
2011,Obriga todas as Escolas da Rede Pública Estadual a emitirem o RG Escolar para todos os alunos a partir do 1º ano do ensino fundamental ou a partir da efetivação da matrícula.,contrário,1062118
2011,"Altera a Lei Complementar nº 1.122, de 2010, visando contemplar a classe dos Auditores com a revalorização da Gratificação Executiva.",contrário,1038790
2011,Autoriza o Poder Executivo a fazer constar de todos os editais de licitação e contratos diretos sem licitação para execução de obras públicas a exigência de reserva de 30% das vagas de emprego para afrodescendentes e indígenas.,contrário,1015260
2011,Apela para a Sra. Presidente da República a fim de que determine ao Ministério de Minas e Energia a urgente adoção de medidas necessárias junto à ANEEL - Agência Nacional de Energia Elétrica para que se cobre das empresas a implementação de linhas de transmissão entre as 16 subestações da cidade de São Paulo.,contrário,1025763
2009,"Altera a redação do inciso VI do artigo 4º da Lei Complementar nº 1.086, de 2009, que institui Bonificação por Resultados - BR, no âmbito do Centro Estadual de Educação Tecnológica Paula Souza - CEETEPS.",contrário,859944
2011,"Apela para o Sr. Presidente da Câmara dos Deputados para que seja acolhido o Projeto de Lei nº 6.256, de 2009, que estende a isenção do Imposto sobre Produtos Industrializados para os veículos adquiridos por policiais e bombeiros militares em serviço ativo há, no mínimo, três anos.",contrário,1007063
2011,"Inclui artigo 3º - A na Lei Complementar nº 689, de 1992, que institui Adicional de Local de Exercício aos integrantes da Polícia Militar do Estado.",contrário,1038642
2011,"Dispõe sobre a criação da Delegacia Especial de Defesa da População GLBTT (Gays, Lésbicas, Bissexuais, Travestis e Transexuais).",contrário,1039670
2009,"Reconhece a decisão do Tribunal de Contas do Estado de São Paulo, referente ao Processo TC-31362/026/99, que julgou irregulares a licitação, o contrato e as despesas decorrentes celebrados entre a Companhia de Desenvolvimento Habitacional e Urbano - CDHU e e o Consórcio F.M. Rodrigues/Capellano.",contrário,848444
2011,"Altera a redação do artigo 1º da Lei nº 11.328, de 2002, que dispõe sobre a remuneração do Deputado Estadual.",contrário,1062125
2011,Torna obrigatório o pagamento das aulas vagas (horário  janela) a todos os professores das escolas públicas e privadas no âmbito do Estado de São Paulo.,contrário,1044304
2011,Confere ao Estado de São Paulo o título de Berço da Música e da Cultura Caipira Raiz.,contrário,1055697
2012,"Dispõe sobre a obrigatoriedade de vistorias periciais e manutenções periódicas em edifícios residenciais, comerciais e industriais do Estado.",contrário,1075416
2019,"Altera o artigo 280 da Resolução nº 576, de 26 de junho de 1970 - Regimento Interno da Assembleia Legislativa do Estado de São Paulo.",contrário,1000259634
2009,Torna obrigatória a instalação de sensores eletrônicos on line (via internet) nas praças de pedágio das rodovias e rodoaneis no Estado.,contrário,889635
2009,Dispõe sobre a implantação de centros especializados na Rede Estadual de Ensino Fundamental a fim de diagnosticar a depressão infantil e oferecer tratamento psicológico aos familiares e à criança.,contrário,888116
2009,"Susta a Resolução nº SSP - 233, de 2009, que regulamenta a elaboração de Termo Circunstanciado, previsto no artigo 69 da Lei nº 9.099, de 1995.",contrário,889633
2013,"Dispõe sobre a inserção nos projetos arquitetônicos da administração pública, autarquias, empresas e fundações da instalação de sistema de coleta para captação da água da chuva.",contrário,1146429
2010,Isenta do pagamento de pedágio os veículos cujos proprietários estudem ou trabalhem em cidades diferentes daquelas onde residam e cujo acesso se dê pelas rodovias do sistema Anchieta e Imigrantes.,contrário,925531
2019,"Altera a Lei nº 8.092, de 28 de fevereiro de 1964, que dispõe sobre o Quadro Territorial, Administrativo e Judiciário do Estado.",contrário,1000279166
2015,"Revoga a Lei 13.549, 2009, que declara em regime de extinção a Carteira de Previdência dos Advogados de São Paulo.",contrário,1249174
2011,"Institui o Conselho Estadual do Trabalho, Emprego e Geração de Renda no Estado.",contrário,1017722
2021,Institui o Programa Estadual de Enfrentamento ao Assédio e à Violência Política Contra a Mulher.,contrário,1000362386
2009,"Dispõe sobre a doação a instituições filantrópicas de produtos apreendidos pelas autoridades do Governo do Estado, fruto de roubo ou furto.",contrário,886693
2011,"Dispõe sobre a recondução ao cargo anteriormente ocupado por Agente Público Estável, em caso de reprovação em estágio probatório no novo cargo.",contrário,1058887
2021,"Regulamenta a aplicação da sanção de prestação de serviços à comunidade, nos termos do artigo 112, II, do Código Sanitário do Estado, para quem for flagrado descumprindo as medidas de restrição impostas em decorrência da pandemia de Covid-19.",contrário,1000361786
2017,Torna obrigatória a implantação de painéis solares fotovoltaicos nos colégios da rede pública e na rede hoteleira do Estado.,contrário,1000029055
2011,"Anula todas as punições de natureza política aplicadas aos servidores públicos estaduais, da administração direta e indireta, a partir de 1964.",contrário,1003465
2010,"Anula as punições impostas aos servidores públicos estaduais, ocorridas nos últimos quarenta anos, por força de legislações autoritárias e punitivas.",contrário,925269
2015,Dispõe sobre a restauração do status de nível superior de escolaridade dos cargos de Técnico da Fazenda Estadual de São Paulo.,contrário,1274820
2012,Dispõe sobre o efetivo mínimo feminino nas Delegacias da Mulher.,contrário,1073891
2010,"Determina que os profissionais da área da educação terão acesso gratuito aos eventos promovidos, patrocinados ou apoiados pelo Governo do Estado de São Paulo.",contrário,936237
2023,"Proíbe o exercício de cargo, emprego ou função pública por pessoa condenada pelo crime de maus-tratos contra animais.",contrário,1000486801
2023,"Altera a Lei Complementar nº 892, de 31 de janeiro de 2001, que estabelece critérios para promoção de Cabos e Soldados da Polícia Militar do Estado.",contrário,1000485163
2023,Repudia o Extra Ricardo Jafet pelo assédio moral e demissão de forma arbitrária e ilegal do funcionário Kelvin Saragossa Santos.,contrário,1000497499
2023,Institui a Agência Reguladora Especial de Saúde do Estado de São Paulo - ARESP.,contrário,1000489164
2023,Cria o Programa São Paulo DNA África.,contrário,1000487613
2023,"Regulamenta o fechamento de cursos, turnos e unidades de ensino público.",contrário,1000485399
2023,Proíbe sites de exploração de apostas de eventos esportivos.,contrário,1000485455
2010,"Assegura vinte por cento das vagas disponíveis para ingresso mediante concurso público na Academia da Polícia Militar do Barro Branco da Polícia Militar do Estado de São Paulo (APMBB) aos subtenentes e sargentos da Polícia Militar do Estado de São Paulo, do Quadro de Praças Policiais Militares (QPPM), que se encontrem em serviço ativo.",contrário,944178
2019,Obriga as concessionárias de abastecimento de água do Estado a estabelecer programas de fomento à instalação de hidrômetros individuais em unidades autônomas de condomínios edilícios.,contrário,1000268995
2018,"Aplaude o trabalho do Clube de Rodeio de Itápolis pela atuação em prol da Cultura Sertaneja naquele e nos demais Municípios da Região, e especialmente, todos os seus associados que se dedicam à promoção da Cultura Sertaneja como forma de inclusão social e desenvolvimento local.",contrário,1000216819
2019,"Altera o artigo 34 da Resolução nº 576, de 26 de junho de 1970 - Regimento Interno da Assembleia Legislativa do Estado de São Paulo, que dispõe sobre as Comissões Parlamentares de Inquérito.",contrário,1000260209
2011,Estabelece dia de feriado escolar  quando da realização de jogos do Brasil na Copa do Mundo de 2014.,contrário,1059256
2012,Dispõe sobre redução de 50% do valor do pedágio nas rodovias do Estado para estudantes ou empresas que realizam o serviço de transporte destes usuários.,contrário,1109088
2019,"Altera dispositivos da Resolução nº 576, de 26 de junho de 1970, com alterações posteriores.",contrário,1000311947
2011,"Dispõe sobre a obrigatoriedade da identificação do anunciante em propaganda ao ar livre do tipo ""outdoor"".",contrário,1034142
2021,"Revoga o ""caput"" do artigo 61 e seus §§ 1º, 2º, 3º e §4º, altera a redação do § 2º do artigo 71, revoga a redação do inciso II do artigo 165, altera a redação do § 1º do artigo 183, revoga o § 1º do artigo 227, altera a redação do § 5º do artigo 246, revoga a redação do § 5º do artigo 253, revoga a redação do parágrafo único do artigo 257, e altera a redação do § 10 do artigo 259-B da Resolução nº 576, de 26 de junho de 1970 - Regimento Interno da Assembleia Legislativa.",contrário,1000360111
2012,"Obriga todos os Hospitais e Distritos Policiais do Estado a manterem um intérprete dos idiomas Inglês e Espanhol, durante todo o horário de funcionamento, no setor de atendimento.",contrário,1074859
2015,"Dá a denominação de ""Comendador Rômulo Neves Baptista"" ao viaduto localizado na Rodovia Raposo Tavares - SP 270,  km 591+980m, entre os municípios de Presidente Bernardes e Santo Anastácio.",contrário,1256286
2023,Proíbe a cobrança da taxa mínima dos serviços de água e esgoto realizada pelas concessionárias.,contrário,1000485530
2013,"Determina a instalação de ""pedagiômetro"" nas rodovias estaduais paulistas.",contrário,1146469
2023,Assegura o atendimento preferencial aos profissionais da contabilidade nas repartições públicas e empresas concessionárias de serviços públicos do Estado.,contrário,1000487873
2021,Institui o sistema de transparência para o rastreamento das doses e a identificação da população vacinada no Estado.,contrário,1000358786
2019,"Altera a Resolução nº 576, de 26 de junho de 1970 - Regimento Interno da Assembleia Legislativa do Estado de São Paulo.",contrário,1000261079
2019,"Altera o ""caput"" do artigo 286 do Regimento Interno.",contrário,1000273050
2019,"Apela ao Sr. Presidente da Câmara dos Deputados a fim de que criem uma legislação eficaz que proíba artes esdrúxulas e desrespeitosas como o ""Especial de Natal"" disponibilizado pela empresa Netflix, que fere os valores fundamentais da fé cristã.",contrário,1000314476
2023,"Repudia o presidente da República por ter declarado, em 23 de março de 2023, que a divulgação dos planos do PCC para sequestrar e assassinar o senador Sergio Moro e sua família seriam ""armação do Moro"".",contrário,1000486037
2020,Cria o Cadastro Estadual de Pedófilos no Estado.,contrário,1000335413
2021,"Altera o § 1º do artigo 112 da Resolução nº 576, de 26 de junho de 1970 - Regimento Interno da Assembleia Legislativa.",contrário,1000361572
2021,"Denomina ""Joseph Safra"" a Rodovia SP 160, que interliga a Capital e os municípios de Diadema, São Bernardo do Campo, Cubatão, São Vicente e Praia Grande.",contrário,1000358891
2023,Assegura a gratuidade de tarifa no sistema de Transporte Urbano de São Paulo - EMTU ao usuário desempregado ou com primeiro emprego.,contrário,1000485600
2023,"Altera a Lei Complementar nº 1.291, de 22 de julho de 2016, que institui a Lei de Ingresso na Polícia Militar do Estado de São Paulo.",contrário,1000491380
2023,Estabelece normas sobre arbitragem em competições esportivas.,contrário,1000485591
